Workbook

Sheet Raw Data
A1: ITEM CODE | B1: ITEM NAME | C1: ANNUAL DEMAND | D1: UNIT COST | E1: ORDERING COST | F1: HOLDING COST% | G1: HOLDING COST
A2: AOO1 | B2: Steel Rod | C2: 1200 | D2: 150 | E2: 500 | F2: 0.15 | G2: =E2*F2 -> 75
A3: AOO2 | B3: Plastic Sheet | C3: 3000 | D3: 40 | E3: 400 | F3: 0.2 | G3: =E3*F3 -> 80
A4: AOO3 | B4: Copper Wire | C4: 800 | D4: 250 | E4: 600 | F4: 0.1 | G4: =E4*F4 -> 60
A5: AOO4 | B5: Aluminium Plate | C5: 1500 | D5: 100 | E5: 450 | F5: 0.18 | G5: =E5*F5 -> 81
A6: AOO5 | B6: Rubber Gasket | C6: 5000 | D6: 20 | E6: 350 | F6: 0.25 | G6: =E6*F6 -> 87.5
A7: AOO6 | B7: Glass Panel | C7: 600 | D7: 300 | E7: 700 | F7: 0.12 | G7: =E7*F7 -> 84
A8: AOO7 | B8: Brass Nut | C8: 2000 | D8: 60 | E8: 400 | F8: 0.15 | G8: =E8*F8 -> 60
A9: AOO8 | B9: Carbon Brush | C9: 1000 | D9: 90 | E9: 500 | F9: 0.2 | G9: =E9*F9 -> 100
A10: AOO9 | B10: Insulation Tape | C10: 4000 | D10: 10 | E10: 300 | F10: 0.3 | G10: =E10*F10 -> 90
A11: AOO10 | B11: Metal Clamp | C11: 1800 | D11: 80 | E11: 450 | F11: 0.18 | G11: =E11*F11 -> 81

Sheet EOQ Analysis
A1: ITEM CODE | B1: EOQ | C1: TOTAL ORDERING COST | D1: TOTAL HOLDING COST | E1: TOTAL COST
A2: ='Raw Data'!A2 -> AOO1 | B2: =SQRT(('Raw Data'!C2 * 'Raw Data'!E2) / 'Raw Data'!G2) -> 89.442719 | C2: =('Raw Data'!C2 / B2) * 'Raw Data'!E2 -> 6708.2039 | D2: =(B2 / 2) * 'Raw Data'!G2 -> 3354.102 | E2: =C2 + D2 -> 10062.306
A3: ='Raw Data'!A3 -> AOO2 | B3: =SQRT(('Raw Data'!C3 * 'Raw Data'!E3) / 'Raw Data'!G3) -> 122.47449 | C3: =('Raw Data'!C3 / B3) * 'Raw Data'!E3 -> 9797.959 | D3: =(B3 / 2) * 'Raw Data'!G3 -> 4898.9795 | E3: =C3 + D3 -> 14696.938
A4: ='Raw Data'!A4 -> AOO3 | B4: =SQRT(('Raw Data'!C4 * 'Raw Data'!E4) / 'Raw Data'!G4) -> 89.442719 | C4: =('Raw Data'!C4 / B4) * 'Raw Data'!E4 -> 5366.5631 | D4: =(B4 / 2) * 'Raw Data'!G4 -> 2683.2816 | E4: =C4 + D4 -> 8049.8447
A5: ='Raw Data'!A5 -> AOO4 | B5: =SQRT(('Raw Data'!C5 * 'Raw Data'!E5) / 'Raw Data'!G5) -> 91.287093 | C5: =('Raw Data'!C5 / B5) * 'Raw Data'!E5 -> 7394.2545 | D5: =(B5 / 2) * 'Raw Data'!G5 -> 3697.1273 | E5: =C5 + D5 -> 11091.382
A6: ='Raw Data'!A6 -> AOO5 | B6: =SQRT(('Raw Data'!C6 * 'Raw Data'!E6) / 'Raw Data'!G6) -> 141.42136 | C6: =('Raw Data'!C6 / B6) * 'Raw Data'!E6 -> 12374.369 | D6: =(B6 / 2) * 'Raw Data'!G6 -> 6187.1843 | E6: =C6 + D6 -> 18561.553
A7: ='Raw Data'!A7 -> AOO6 | B7: =SQRT(('Raw Data'!C7 * 'Raw Data'!E7) / 'Raw Data'!G7) -> 70.710678 | C7: =('Raw Data'!C7 / B7) * 'Raw Data'!E7 -> 5939.697 | D7: =(B7 / 2) * 'Raw Data'!G7 -> 2969.8485 | E7: =C7 + D7 -> 8909.5454
A8: ='Raw Data'!A8 -> AOO7 | B8: =SQRT(('Raw Data'!C8 * 'Raw Data'!E8) / 'Raw Data'!G8) -> 115.47005 | C8: =('Raw Data'!C8 / B8) * 'Raw Data'!E8 -> 6928.2032 | D8: =(B8 / 2) * 'Raw Data'!G8 -> 3464.1016 | E8: =C8 + D8 -> 10392.305
A9: ='Raw Data'!A9 -> AOO8 | B9: =SQRT(('Raw Data'!C9 * 'Raw Data'!E9) / 'Raw Data'!G9) -> 70.710678 | C9: =('Raw Data'!C9 / B9) * 'Raw Data'!E9 -> 7071.0678 | D9: =(B9 / 2) * 'Raw Data'!G9 -> 3535.5339 | E9: =C9 + D9 -> 10606.602
A10: ='Raw Data'!A10 -> AOO9 | B10: =SQRT(('Raw Data'!C10 * 'Raw Data'!E10) / 'Raw Data'!G10) -> 115.47005 | C10: =('Raw Data'!C10 / B10) * 'Raw Data'!E10 -> 10392.305 | D10: =(B10 / 2) * 'Raw Data'!G10 -> 5196.1524 | E10: =C10 + D10 -> 15588.457
A11: ='Raw Data'!A11 -> AOO10 | B11: =SQRT(('Raw Data'!C11 * 'Raw Data'!E11) / 'Raw Data'!G11) -> 100 | C11: =('Raw Data'!C11 / B11) * 'Raw Data'!E11 -> 8100 | D11: =(B11 / 2) * 'Raw Data'!G11 -> 4050 | E11: =C11 + D11 -> 12150

Sheet ABC Classification
A1: ITEM CODE | B1: ANNUAL CONSUMPTION VALUE | C1: % OF TOTAL VALUE | D1: CUMULATIVE % | E1: ABC CATEGORY
A2: ='Raw Data'!A4 -> AOO3 | B2: ='Raw Data'!C4 * 'Raw Data'!D4 -> 200000 | C2: =(B2 / SUM(B$2:B$11)) * 100 -> 15.10574 | D2: =SUM(C$2:C2) -> 15.10574 | E2: =IF(D2<=70,"A",IF(AND(D2>70,D2<=90),"B","C")) -> A
A3: ='Raw Data'!A2 -> AOO1 | B3: ='Raw Data'!C2 * 'Raw Data'!D2 -> 180000 | C3: =(B3 / SUM(B$2:B$11)) * 100 -> 13.595166 | D3: =SUM(C$2:C3) -> 28.700906 | E3: =IF(D3<=70,"A",IF(AND(D3>70,D3<=90),"B","C")) -> A
A4: ='Raw Data'!A7 -> AOO6 | B4: ='Raw Data'!C7 * 'Raw Data'!D7 -> 180000 | C4: =(B4 / SUM(B$2:B$11)) * 100 -> 13.595166 | D4: =SUM(C$2:C4) -> 42.296073 | E4: =IF(D4<=70,"A",IF(AND(D4>70,D4<=90),"B","C")) -> A
A5: ='Raw Data'!A5 -> AOO4 | B5: ='Raw Data'!C5 * 'Raw Data'!D5 -> 150000 | C5: =(B5 / SUM(B$2:B$11)) * 100 -> 11.329305 | D5: =SUM(C$2:C5) -> 53.625378 | E5: =IF(D5<=70,"A",IF(AND(D5>70,D5<=90),"B","C")) -> A
A6: ='Raw Data'!A11 -> AOO10 | B6: ='Raw Data'!C11 * 'Raw Data'!D11 -> 144000 | C6: =(B6 / SUM(B$2:B$11)) * 100 -> 10.876133 | D6: =SUM(C$2:C6) -> 64.501511 | E6: =IF(D6<=70,"A",IF(AND(D6>70,D6<=90),"B","C")) -> A
A7: ='Raw Data'!A3 -> AOO2 | B7: ='Raw Data'!C3 * 'Raw Data'!D3 -> 120000 | C7: =(B7 / SUM(B$2:B$11)) * 100 -> 9.0634441 | D7: =SUM(C$2:C7) -> 73.564955 | E7: =IF(D7<=70,"A",IF(AND(D7>70,D7<=90),"B","C")) -> B
A8: ='Raw Data'!A8 -> AOO7 | B8: ='Raw Data'!C8 * 'Raw Data'!D8 -> 120000 | C8: =(B8 / SUM(B$2:B$11)) * 100 -> 9.0634441 | D8: =SUM(C$2:C8) -> 82.628399 | E8: =IF(D8<=70,"A",IF(AND(D8>70,D8<=90),"B","C")) -> B
A9: ='Raw Data'!A6 -> AOO5 | B9: ='Raw Data'!C6 * 'Raw Data'!D6 -> 100000 | C9: =(B9 / SUM(B$2:B$11)) * 100 -> 7.5528701 | D9: =SUM(C$2:C9) -> 90.181269 | E9: =IF(D9<=70,"A",IF(AND(D9>70,D9<=90),"B","C")) -> C
A10: ='Raw Data'!A9 -> AOO8 | B10: ='Raw Data'!C9 * 'Raw Data'!D9 -> 90000 | C10: =(B10 / SUM(B$2:B$11)) * 100 -> 6.7975831 | D10: =SUM(C$2:C10) -> 96.978852 | E10: =IF(D10<=70,"A",IF(AND(D10>70,D10<=90),"B","C")) -> C
A11: ='Raw Data'!A10 -> AOO9 | B11: ='Raw Data'!C10 * 'Raw Data'!D10 -> 40000 | C11: =(B11 / SUM(B$2:B$11)) * 100 -> 3.021148 | D11: =SUM(C$2:C11) -> 100 | E11: =IF(D11<=70,"A",IF(AND(D11>70,D11<=90),"B","C")) -> C
